Heart rate(bpm),Cadence(steps/min),toe pressure(kPa),Heel pressure(kPa),Flatfoot(kPa),COP(cm from centre),Stride length(m),Stride velocity(m/sec),Swing time(sec),Stance time(sec),Stride length variability(%),Stride velocity variability(%),Swing time variability(%),Stance time variability(%),Stride length asymmetry(%),Stride velocity asymmetry(%),Swing time asymmetry(%),Stance time asymmetry(%)
195,79,26,41,33,-4,1.12823004688132,0.663542862722033,0.47470413041894,0.824322823808376,10,5,5,15,20,9,4,17
113,149,71,44,25,0,0.845607413124658,0.873649703398885,0.67404660523537,0.35542595959549,2,2,12,15,18,16,10,17
56,126,17,60,4,3,1.28392135073854,0.754462155224866,0.690425139929312,1.05181938525358,20,12,17,12,17,20,2,7
143,102,21,75,21,-1,0.75344409716884,1.37752944347801,0.311798993312238,0.410327104567203,18,15,7,2,13,9,5,8
119,119,67,1,22,5,0.848940825521539,1.51947163302015,0.707334103508827,0.991136324001709,19,8,18,16,14,2,1,9
84,80,36,13,22,-1,0.732920412676774,1.09868878858273,0.454375087867673,1.08948652427269,19,5,16,3,10,19,10,17
194,147,76,74,16,-1,0.628600553756659,1.30333827030907,0.501197309023846,0.923093327885029,12,5,11,6,17,18,15,14
141,83,48,7,32,0,0.679237846953557,1.01611013431447,0.193706702027906,0.383839478088212,15,2,12,12,13,10,16,4
174,150,44,29,14,0,1.12719812680003,0.770634692170135,0.749243629813736,1.35065120648193,4,6,5,14,18,10,10,17
72,136,54,23,21,2,0.692895589532784,0.858009789087469,0.1049460111292,0.695942951444542,16,13,21,10,2,14,19,18
139,113,28,16,13,0,0.842495859145555,1.69373729160042,0.240145009678525,1.44239623791201,17,10,3,12,14,19,15,3
164,130,79,29,40,0,1.26961916358496,1.48389911536271,0.221670930381367,1.39170046688224,11,5,20,20,20,11,3,3
68,85,33,23,22,2,0.406861012489537,0.875870576094937,0.781572787724574,1.44814901605515,19,9,4,3,2,15,2,14
199,82,77,8,21,3,0.631422740600788,1.62378084236776,0.530339157822841,0.588747259406885,5,14,17,5,4,4,8,2
60,66,64,10,3,0,1.21548449118928,1.34257809135567,0.439702855750984,0.551658121052077,17,21,11,17,14,15,7,8
80,117,76,38,18,4,0.789545253820657,1.53444182268771,0.482715515392797,0.903441513221703,5,21,20,14,5,11,12,6
84,119,40,42,7,0,0.876068023760185,0.632760672069475,0.588590431090731,0.941396211412427,15,3,10,4,16,3,3,10
97,85,9,28,2,6,0.616338176127891,0.777179635109705,0.189628685534474,0.35500630298554,21,6,6,14,6,11,20,20
126,96,45,47,8,2,0.881898745086195,1.07023362861104,0.351326298152277,0.34957515522281,3,7,15,3,9,13,3,11
108,115,52,28,16,0,0.787655003255629,1.60161757216844,0.299205192266047,1.21600557177963,20,18,18,17,10,10,8,14
193,68,53,67,7,4,0.998549874333703,1.22103267931063,0.720502610546957,0.861807358365503,3,21,18,17,1,7,1,16
100,93,64,69,27,-1,0.978594742055662,0.805162048924466,0.213046276000444,1.11587230928787,12,2,7,7,14,10,5,3
150,92,66,21,8,-6,0.913387601755309,1.03185769525924,0.387698059771952,1.01589028247824,9,11,2,13,12,12,17,7
171,96,15,3,35,5,1.03940405917702,0.696904855346321,0.590957429185643,0.934581532656706,6,11,10,20,19,18,14,19
61,102,46,30,31,5,0.558033226803865,1.20690640189106,0.373721820613714,1.44773683443627,17,4,21,8,7,4,15,15
61,72,9,38,19,6,0.443529893418247,1.12904974307066,0.683026968587771,0.784957370009272,13,9,16,13,1,8,11,18
58,92,65,27,17,1,1.29408924690203,1.39529191148854,0.700943702671199,1.26797674040112,7,11,11,16,11,16,12,2
106,71,26,56,37,-4,1.18524620261581,0.673753869764626,0.588383039493327,1.4976334000126,3,18,12,18,11,11,7,7
144,98,61,25,13,-3,1.07475385112795,1.45706330676841,0.319757477495273,1.0509379353533,12,15,7,20,16,5,9,4
175,75,75,20,19,-5,1.13423518859306,0.696493087094448,0.694778335016705,0.600379683883012,8,2,5,19,14,16,20,10
107,89,79,61,34,-5,1.15873946580995,0.762766656675051,0.710368579528167,1.3475017967675,17,4,15,17,20,18,19,5
127,83,5,35,8,3,1.19687045407704,0.523076708206565,0.27493556390911,0.367793821825823,3,14,12,21,14,1,11,3
91,83,68,59,16,-4,1.01598144861169,1.40581591969524,0.757885377587473,0.538919352902392,12,10,21,21,12,9,15,17
109,107,55,38,3,4,0.76365684117787,0.9976247634035,0.113715535832737,1.414282379683,15,3,14,7,13,3,9,10
169,126,41,9,35,-2,1.26451212590913,0.981636828668291,0.196299337070707,0.842078157733095,17,19,19,19,20,20,19,20
65,69,24,47,4,4,1.11737801516012,1.47351009236619,0.215365706782985,1.23912913437803,10,9,18,4,3,7,15,19
73,127,24,37,21,5,1.01289951870872,0.541888809401616,0.101447488007443,0.614844386442154,6,19,9,17,7,14,11,7
58,113,75,54,21,2,1.23418959893896,1.32411210280362,0.450630555267661,1.48651388220184,5,8,17,3,8,11,20,10
116,83,78,23,22,5,0.78540591844523,0.804710408706223,0.711906154835755,1.02056227416314,8,15,10,2,15,20,5,19
198,66,79,59,20,1,0.844059153136761,0.872091008252103,0.299618560545767,0.803976066501526,9,14,19,8,16,5,7,5
64,116,52,71,23,-6,0.80705906418399,1.0807543693569,0.291053255393172,1.42196000377947,8,13,6,6,5,16,12,14
173,66,13,3,8,3,0.410087578741133,1.49324046483431,0.433579920724515,0.739418003708248,7,20,13,11,6,14,16,7
144,71,16,60,17,4,1.24777962846503,1.02233272834312,0.168057273453868,1.00295452124851,13,13,4,7,20,1,18,15
123,132,76,56,9,-3,1.1044428319812,0.878626080495072,0.577793217242721,0.514531393513366,14,10,4,3,20,1,7,8
119,104,21,71,8,-1,1.26539434539539,1.34602074430669,0.718080512485151,1.01870372978873,11,12,10,18,3,3,15,15
131,65,18,20,27,6,0.865211413423349,1.14601566259255,0.744555991864667,0.969791693735909,8,19,15,19,20,9,3,2
104,120,66,67,25,-2,1.17112459662169,0.65764888954151,0.774369635520549,0.998431553934055,14,11,10,3,17,20,19,14
153,64,36,64,2,-6,0.978977632824702,1.41342891126663,0.704717319170831,0.718915081166839,19,10,8,17,13,18,5,10
191,132,62,65,40,4,0.54349098331102,0.993892769204375,0.728145067756502,0.532094481667091,19,13,21,18,6,12,6,11
124,116,13,8,10,-4,0.907111537527884,1.41152728294491,0.442654858219526,0.95711661524539,18,3,15,20,15,14,15,17
137,98,8,51,11,5,1.25096214682648,0.692967479391027,0.261714580988987,1.25803431279325,17,2,7,5,1,9,16,20
94,73,15,71,32,0,1.28673154963702,1.29656940566557,0.362085133398681,0.742548880816973,12,7,15,20,15,3,2,10
148,116,17,24,2,3,0.767620815609858,0.618306450328477,0.229362006656671,0.875137457917704,2,17,6,19,19,16,20,13
185,135,43,21,4,5,1.25496190107605,1.42598248682849,0.333415326770041,1.36771732358423,9,17,10,16,11,15,11,8
169,69,21,45,32,6,0.936558984608024,0.527043549595436,0.465811829772731,1.29382744479206,19,3,18,11,14,5,18,9
51,128,79,67,3,-2,0.708644734804258,0.845211281325149,0.652295926617525,1.34436363631452,2,8,2,2,12,9,10,7
145,79,4,60,11,1,1.27582573538644,1.34706355818445,0.522215701463459,1.43691680829595,4,6,13,2,18,5,19,14
59,122,63,15,11,1,0.806716379677044,1.47463105991115,0.145891874817212,0.63657373888246,5,2,20,6,6,20,7,14
112,118,58,69,9,-3,0.658340782228085,1.3654258665943,0.574206331915056,0.357847753278065,14,14,7,11,1,2,4,11
191,78,60,56,13,-2,0.754055228520534,1.48990431266309,0.136959409400209,0.490776620697113,11,16,18,2,9,7,18,10
55,109,34,6,1,-3,1.28527050440588,1.56671722064046,0.279749479064426,0.447991554866231,6,17,4,15,5,4,9,10
167,102,42,75,9,0,0.509453783874036,0.912434806343197,0.792407427382902,1.12792338652005,12,18,17,18,9,12,18,10
155,115,35,45,39,-3,0.757834121889712,1.06735895231092,0.665462142590061,0.318849548999046,15,15,5,11,11,12,4,20
50,77,15,43,5,4,1.04652637324063,1.30758607363182,0.274487732221491,1.26249938747236,16,15,2,9,12,6,2,20
123,130,45,27,10,-6,1.04765465700669,0.632221662669403,0.38549041224155,0.598187240970495,18,18,7,13,15,3,7,6
87,88,24,59,9,-2,1.01453739516837,0.66470114283023,0.22517417950404,1.39198481910892,20,2,17,14,1,14,7,16
140,66,21,25,27,-1,0.866276747441923,1.50676380780076,0.596555292274379,0.621043903593792,19,19,20,4,3,5,2,19
146,115,49,17,38,0,0.470191621405766,0.97273981436535,0.706121823086954,1.44295537899359,12,10,7,17,13,1,5,5
153,83,56,13,36,-4,0.914541563315161,1.49649483920376,0.342502623398079,0.722369962785151,5,18,2,17,18,1,19,20
104,124,39,8,6,4,0.742342684286297,0.525843599118175,0.307146752471865,1.2519452343317,12,18,15,2,5,20,2,16
147,145,10,15,3,6,1.109496250009,1.66948651332739,0.254663974079499,0.413090632284308,19,19,21,17,9,8,12,11
138,125,52,68,2,5,1.06130818516234,0.627333597159773,0.740408942209588,1.10117022527604,12,7,7,9,20,12,10,14
51,109,38,28,15,0,0.438749520532032,1.35901220953594,0.35089113462903,0.623494509327847,8,3,9,10,4,1,2,3
65,141,80,61,30,6,0.914839514776143,1.64774888362793,0.443741407795892,1.26712417296965,13,2,17,9,15,1,3,3
177,127,28,73,39,-4,0.691575199018302,1.50320427482161,0.257819428561997,1.36289688103895,11,20,9,8,1,5,2,17
72,104,19,42,17,1,0.776794280212318,0.977628240442751,0.587881074976893,0.327336346206037,6,16,9,10,4,20,8,11
67,112,6,35,29,-1,0.572827350980481,1.43795178770773,0.666637602639119,1.10026788211711,21,18,17,2,14,8,13,18
128,141,3,19,21,-4,0.580275880932011,1.06582874892015,0.489406903721643,1.16164806174754,21,4,17,9,13,2,13,3
112,64,14,31,21,-3,0.834285857570231,0.891585863518677,0.280879598825547,0.817474809948193,18,16,3,12,14,14,15,2
153,71,18,80,4,-2,0.615454946383752,0.786059275517621,0.260927226502988,0.519556455567405,17,15,7,18,9,17,20,4
157,69,30,24,25,1,0.553122955256318,0.701951232319597,0.28336058074646,1.21737429167413,18,9,18,6,4,4,2,5
195,103,72,11,1,0,1.24036493475104,0.668553347449828,0.533604301662206,0.491667786086211,14,13,2,2,5,18,10,12
111,137,13,41,36,-2,1.01286835551589,1.13893970192612,0.162453274091452,0.775025654883074,4,9,17,7,7,11,1,17
130,126,46,59,3,6,1.08264085549085,0.50855053813443,0.3196484714237,1.35632100793588,20,14,14,2,15,15,14,1
156,116,50,26,8,5,0.828398039968574,0.586119786726679,0.293066452585234,1.37556504624067,7,15,14,3,3,10,15,5
184,150,32,6,10,6,1.24934596365737,1.52243506649232,0.431329746315353,0.889923010126653,21,9,6,3,12,10,3,11
200,138,12,70,3,1,1.00572722191657,1.22363637307035,0.145937160501187,0.719636845271313,11,9,17,14,17,19,12,11
114,65,70,53,7,-1,0.828676440388927,0.974931003544328,0.646887010599808,0.708909576500101,14,8,8,15,2,4,19,20
100,76,59,12,16,-6,0.560345503481277,1.37247936545858,0.297638455189511,1.23652727012708,15,17,21,8,2,15,19,20
77,128,58,52,8,-6,1.00046425975866,0.53852290325966,0.754694364508194,1.39446407370345,3,4,5,20,3,11,10,6
107,60,21,16,2,1,0.775648320002579,1.14607764139669,0.741102270393698,1.38754840479075,2,15,13,2,1,5,20,7
157,128,76,73,7,-5,0.517296670783488,1.13924123321333,0.502760013141342,0.753397735126161,7,20,4,5,6,16,17,7
143,124,55,79,4,6,1.01439871817891,0.590006519180606,0.786478844328353,1.20416953366896,3,17,13,18,5,10,8,13
95,88,17,44,33,-2,0.90414072663432,1.68203769669096,0.282901650818097,0.83446115507161,14,6,15,19,19,6,18,5
153,148,16,21,8,4,1.20697448289696,0.537998431099409,0.364059238273993,1.13335765918838,8,13,4,18,8,20,13,10
89,114,53,36,34,-6,0.636914738031579,1.30640093525277,0.647634113983514,1.19578849055093,13,13,12,18,13,15,1,8
56,100,11,1,10,5,0.923473114354811,0.990323844794656,0.781361946316812,0.481324157942374,2,12,13,21,10,7,9,1
83,133,9,31,11,5,0.915744064103708,0.926612538002693,0.562430999946177,1.10027535799511,3,8,4,8,15,15,17,8
142,99,73,45,34,-4,0.460318366566567,0.808446439607961,0.164253984266334,0.470807997578066,17,4,20,6,20,13,7,13
89,79,22,72,10,0,1.00843451454048,0.852375551305128,0.646416908517419,1.10772882112268,3,7,14,11,4,17,10,14
101,92,7,21,9,-3,0.406670983553107,0.829925324537954,0.476447691296778,1.09778135133743,12,15,16,16,12,18,20,5
119,114,25,58,31,-5,0.919057373023111,0.797271456629897,0.618863185709776,0.326180940150667,5,12,17,10,15,15,3,16
98,117,54,5,13,-3,1.08645600904934,0.864572793311608,0.791110492753069,0.665060912341579,17,8,11,4,7,8,1,6
105,80,51,62,32,5,0.716460624456953,1.39278209911132,0.226034472345257,0.448397964039927,13,18,3,12,15,2,13,10
112,61,7,59,36,5,1.14376420621717,0.76858802291751,0.175334417953809,1.0056070397395,19,9,8,20,13,4,18,3
195,121,30,32,8,-5,1.1225677717051,1.11261958581262,0.483031782095633,1.03622501570498,18,6,2,4,19,20,13,10
139,111,74,46,34,-3,0.494230675117761,1.23818598978476,0.243691993928927,1.24898255673992,15,3,13,6,9,5,5,20
117,67,66,31,35,5,0.457657167889292,0.813449552391311,0.51008153927957,1.15397714111603,14,4,8,20,6,19,20,6
91,146,21,30,30,0,0.586652003618389,1.59269364778992,0.709954356909264,1.42983084241876,21,7,10,2,19,3,13,10
164,134,32,59,17,-4,0.636897130298358,0.591879077401021,0.551527000805245,0.878417573391813,13,18,12,15,7,20,4,14
110,65,55,69,19,4,0.839521720580325,1.09357384273131,0.473536162567641,0.95336971003125,11,15,19,5,20,1,14,9
104,147,1,54,26,-2,1.09086651216174,0.534857626307917,0.254191959615043,0.863483726146947,15,20,4,13,20,14,4,7
112,122,36,52,31,5,1.29084645336211,1.14066222629385,0.310276564425998,1.12519989730197,18,20,16,19,16,6,2,17
131,81,8,47,37,1,0.717583486178081,0.942110644565322,0.357060789267885,0.500816296146538,4,10,5,18,4,5,8,11
160,106,42,27,11,0,0.743844938440385,0.713494736727742,0.680022351562219,0.648264362359722,4,12,7,9,17,19,2,20
197,146,32,19,15,-5,1.27407281061084,0.791578118659264,0.677955563371506,0.979207312907807,21,3,16,14,20,6,16,20
161,148,80,47,31,-5,0.817241869635762,1.1831118127927,0.501410375091008,0.780729461046808,18,19,5,7,9,6,5,3
197,130,53,62,26,4,0.847331447510544,0.579491368330545,0.106505773084363,0.433481388570449,16,8,15,11,3,11,19,13
71,64,47,17,2,5,0.547064460826363,0.742141470798094,0.402223685832994,1.31886326109431,5,11,6,12,12,12,5,17
82,107,62,60,12,0,0.452965194735361,1.50684799992508,0.554793649171143,0.873068353342038,3,14,12,5,13,1,11,17
166,112,64,38,22,0,0.842957173230318,1.36878925209585,0.136594964779053,0.760148905248539,3,13,21,11,16,2,7,10
191,127,73,79,37,-6,0.548360168465312,1.41432002220427,0.599930599959698,0.561228851906232,17,8,7,18,2,20,10,5
175,135,25,31,29,-6,1.11172094785544,0.887704533984074,0.501588606670251,0.9904109541468,8,16,21,15,8,13,6,3
85,119,14,79,40,-4,0.626157473885617,1.36294432702252,0.16860919669439,0.864600729841872,15,17,16,9,18,17,4,5
133,96,69,42,16,-2,0.566772865427804,0.755079564974971,0.494889480097377,0.906830337520943,17,21,17,4,14,8,6,16
143,94,23,58,23,6,0.676332588352243,0.854143869526368,0.207859047464687,0.909006674958062,14,11,8,9,12,16,2,7
195,65,16,21,12,1,1.18781349604471,0.879351052557702,0.418228765510644,0.688167675188264,13,12,9,6,19,13,12,4
194,96,34,78,10,-6,0.483602946452583,0.732692747610575,0.608240243313143,0.434617677336153,18,15,19,8,7,18,11,10
80,78,9,75,29,-3,0.973029113331851,0.823835600716048,0.341192482232774,0.677284853356346,11,3,4,18,16,19,1,6
94,133,1,13,21,3,0.543515548240669,0.57446066460565,0.308248648633963,0.379050140216309,5,4,10,12,8,11,18,11
136,76,4,6,2,-3,0.478752037444428,1.00473247330901,0.126640808558055,0.466320364665747,2,10,17,5,19,16,9,19
126,94,46,17,37,6,1.08567385967501,1.5172976374043,0.479031913992708,0.604812258700688,20,8,12,4,6,16,5,9
56,84,21,44,9,-2,0.880393038433697,0.921404366364729,0.25290206704648,0.475200672233928,15,19,5,17,12,13,9,17
83,61,42,38,11,5,1.03731053983137,1.61044407525241,0.779448132884007,1.36143791190359,9,12,5,14,18,14,3,1
93,113,49,23,33,6,0.508776853266773,1.3022169180982,0.133160801112597,0.436972680494501,14,14,8,15,14,8,12,1
55,81,15,73,3,6,0.741155089993016,1.17814098306947,0.460889819066281,1.41865501640843,5,6,8,21,5,2,20,14
146,120,6,28,8,1,0.927453850017396,0.705011195066644,0.102436692122593,1.30886856171431,4,17,10,10,12,13,2,17
103,63,76,44,18,-3,0.95915790748642,1.08795386050029,0.639967137436249,0.85463286132613,4,7,9,6,8,17,12,7
134,74,55,6,2,-4,0.635645096703793,1.63432569204216,0.208706954792131,0.530437780790131,21,15,12,5,20,9,20,16
81,108,59,36,26,-4,1.07760167991517,1.3167255369325,0.741296034580504,0.602674922262074,14,14,20,4,15,2,18,6
195,115,46,56,2,3,1.27885050691533,1.54157823184736,0.361742441400883,1.28456354332813,8,12,2,4,2,2,6,8
135,109,40,6,23,-1,0.721158747531652,1.66856502237368,0.443048918058066,0.804376347993314,7,16,12,14,9,3,13,19
146,66,31,46,14,-4,1.18406029629218,1.01888052418705,0.729421565352985,0.652893342360068,4,20,12,21,15,10,3,10
51,68,6,37,40,3,0.473403262583751,1.44324252846207,0.275950690373678,1.3591749666424,16,19,9,5,2,17,15,4
125,132,30,2,28,-1,1.19107800109129,1.2174727526813,0.516013912322546,1.34280134081258,19,16,2,3,6,5,9,20
98,86,62,62,10,2,1.08053998758255,1.28534970938341,0.672137955824137,1.2813550214357,2,16,21,15,10,15,11,17
151,77,15,45,13,4,0.764486888291351,0.57356115882813,0.179382509648768,0.351443095693091,15,16,19,4,18,13,3,13
68,76,42,2,15,5,0.952930631869,0.92749327018462,0.474984281882895,1.12038927720632,5,15,16,7,17,15,7,2
52,76,66,28,34,5,1.00765770668844,1.05351051989846,0.674473697309762,1.30194743281276,13,8,10,2,12,5,11,16
130,131,39,50,13,-2,1.17178541193022,0.906472304616164,0.549152450148814,0.614256735335849,17,12,2,3,16,7,11,16
114,107,29,12,24,-4,1.06850287581764,0.547465793821992,0.503815428550439,0.385223020219707,5,10,19,9,13,13,12,9
152,129,64,2,21,-6,1.16670749218675,0.980926988187494,0.57456994132518,1.02082953168866,11,3,18,19,7,9,7,4
198,98,9,47,22,5,0.840577546837558,1.51339164669278,0.776423389823489,0.340660247849506,3,17,12,20,2,10,10,5
100,133,68,50,15,4,0.483271601295351,1.0477631856444,0.138170309389093,0.944410491981342,4,3,6,5,16,6,17,8
107,145,50,48,21,-5,0.782058325092355,1.46147141140781,0.744265142799939,0.567699611521304,15,5,21,12,8,19,11,7
162,104,29,27,21,6,0.625109555969931,0.953102083829702,0.308803636207618,1.11011057369594,11,18,4,4,3,16,17,5
158,93,8,66,28,4,0.947290043010651,1.17010285005878,0.512147918771544,0.322780943277269,11,18,14,8,13,7,2,6
198,98,80,32,40,-5,1.17276309184643,0.983511970864014,0.236937606859813,1.31540147383796,9,6,10,13,5,10,5,5
115,95,7,71,30,3,1.03528889094239,1.38914956804517,0.528484429842117,0.559426266513237,4,4,2,6,20,16,16,1
133,120,65,1,29,4,0.986094575985865,1.45006935529687,0.545445810284488,1.21530867707468,16,3,12,9,19,4,2,2
186,148,13,66,26,-2,1.106717349759,1.28306343046633,0.288410482283574,0.584668724752715,2,6,7,18,10,12,14,2
67,128,77,28,18,2,0.774044821763928,1.68304590755403,0.417895626429765,0.386422479673134,5,8,20,2,2,6,18,19
61,113,65,25,18,-5,0.501190591998307,1.67937395394761,0.637184002912742,0.816277072555649,5,2,17,21,17,2,8,13
177,149,10,24,20,-5,1.12195183378148,1.03721146070503,0.668926707869595,1.00965368564657,20,17,2,18,11,11,1,14
98,110,71,20,18,-4,0.709821290072875,1.67641829901312,0.190085564547295,1.46509150816912,16,7,5,8,17,14,7,16
120,128,70,66,25,-4,1.03262298929126,1.51507885758595,0.402570271157113,1.11912725311755,5,7,13,13,1,12,11,14
157,84,37,21,35,5,0.984521970818643,0.542755756192156,0.767181759564524,0.779851560689805,8,7,13,11,14,11,9,12
118,137,4,33,27,-1,0.400602064265088,1.00852205552971,0.418420633850919,0.365378488458526,15,13,17,10,7,7,15,10
97,115,12,53,27,2,0.635634968543689,1.64964439703383,0.159110512441539,1.06573250101406,11,11,6,2,18,10,6,6
53,105,80,73,26,2,0.609827835208412,1.47085166742172,0.536295092009844,0.412104399435056,2,16,12,8,18,17,20,14
50,99,40,79,4,-3,1.1452160645591,0.859412051111323,0.674937344472518,0.681452822305282,8,21,13,9,3,18,19,8
60,77,75,44,20,4,0.861083976599746,0.771177050025519,0.554406411443459,1.02790372266257,17,4,8,16,6,5,19,5
56,139,5,4,16,5,0.739212798232318,0.714319916444161,0.202060394829118,0.781259978365425,10,17,19,20,16,13,13,1
125,68,25,74,11,-3,0.980709184035032,0.964585939963939,0.349778370587152,1.42163546589283,16,2,5,6,10,5,5,20
86,129,71,26,37,-1,0.548231984592892,0.794565412588917,0.434472742634944,1.45544405920235,10,21,13,13,16,13,18,13
104,60,3,4,33,4,0.920571431691866,1.09749498791093,0.493201474690064,0.882140481709669,15,12,4,17,16,19,15,16
179,67,77,20,6,-6,0.91409649025641,0.988776828807655,0.22742213092201,1.45479241934127,20,5,16,21,6,10,1,10
189,71,41,6,8,-5,0.794265231926602,1.45383621269939,0.64200577897955,0.387113950626494,17,2,7,16,18,9,9,9
192,145,74,49,1,-2,0.640364369103415,1.17629405353263,0.498724940945545,0.533003424592236,11,7,13,2,20,19,13,18
51,130,46,40,38,5,1.02254685063134,1.26347202794249,0.796255356206025,0.301967740825084,10,3,2,7,17,1,9,14
190,109,58,71,6,1,1.277693207902,0.655671169103279,0.793970588580768,1.34893540518409,2,17,4,4,3,14,13,2
91,132,73,17,24,-4,1.21496458105493,1.00740111314065,0.757358222719348,1.33242358096598,19,5,5,4,12,13,6,14
64,111,63,54,25,-5,1.00590945078248,0.994828404986443,0.179733372251989,0.324577730655423,10,10,12,9,6,6,3,20
173,142,47,77,32,1,0.9280291622352,0.78134395314423,0.397603383589839,0.308865829404517,16,3,12,16,18,6,1,4
146,136,64,68,35,4,0.778211265570934,0.902024570382303,0.24818436951769,0.691117034677125,9,17,11,13,16,4,1,14
136,135,60,48,22,-5,0.883906944048813,1.22800031058412,0.723595187826659,1.26329226510998,17,9,4,20,16,13,7,9
50,78,26,49,25,5,0.739068832220308,1.10015984585899,0.475739476104279,0.937887816217344,14,20,8,15,19,19,9,7
95,118,41,40,6,-1,0.506580678333785,1.48257762255704,0.172684341277374,1.4507470671036,12,5,2,10,12,17,18,20
182,66,60,54,6,-5,1.27281512144565,0.785446426834529,0.276887059790533,0.429917059234577,14,13,3,21,3,7,13,10
116,141,43,31,19,-3,1.08114214203497,0.933810161642124,0.723046958539789,1.28519147457197,4,5,2,6,12,6,15,16
84,123,56,21,30,6,0.906067487711163,1.05340386461485,0.280902702013517,1.12639235310052,15,6,13,6,19,6,15,8
160,78,55,42,30,-5,1.22745785991693,1.3902477958945,0.694593903406229,1.27512418639614,11,15,12,10,20,10,16,16
74,117,62,39,14,3,0.538743725074676,1.29682018765295,0.26234905493676,1.23673162438461,16,21,13,5,14,9,6,4
135,61,51,78,3,-1,0.707490543793309,0.626440993438096,0.604935956568528,0.828445913062731,9,16,6,4,18,17,20,6
148,133,44,7,17,-3,0.831456292355161,0.618930403759617,0.207499111635397,1.20550971935532,11,21,17,7,11,10,20,13
56,61,49,17,19,-3,0.644692105892548,1.29297609874582,0.150907882081094,1.39226251348497,16,14,17,7,3,11,19,5
75,136,65,15,3,6,1.18571173728589,1.31724122069818,0.503859827597985,0.467915107693222,21,13,12,10,16,4,9,10
72,74,50,67,26,-2,0.785839679733589,1.30080722942144,0.341472039053513,1.28680354695201,18,17,18,6,15,13,7,13
157,124,5,25,16,-3,1.07575922982373,1.05473438887422,0.754679920654673,0.673570927373741,21,9,6,8,6,12,13,1
180,93,28,45,14,-1,1.20063429958291,1.6351185582031,0.1286966108123,0.625928756051225,21,17,10,12,9,5,15,6
122,111,43,72,25,5,0.610621285652027,1.25365680706237,0.72235304469264,1.2910392700175,14,7,4,20,17,5,3,14
123,146,27,71,14,-6,1.12272261146766,0.528646652667263,0.332404323432069,0.583570918837432,6,13,15,20,8,16,20,10
128,116,47,33,36,-2,1.26525868341104,0.520810865772559,0.790460537551962,0.553231263126755,21,20,19,10,20,1,20,11
103,65,19,6,32,5,0.546762524408246,0.563793545477677,0.275755745289042,1.2585609423245,21,14,5,10,4,3,16,19
79,78,13,68,1,-3,0.983948296385859,1.42268644116859,0.124586468920701,0.666210000592186,15,4,10,21,8,1,8,13
98,66,61,19,34,2,0.954694429140376,1.20736870441543,0.708388045795154,0.751763092144142,10,5,21,21,17,14,15,18
168,61,12,5,24,0,0.596560409629942,0.998689517581141,0.523493743230695,0.323718731566875,3,5,13,18,7,6,16,18
59,109,37,68,4,0,1.28818869370776,1.48070085887541,0.436231394778269,1.01366760842843,4,17,12,15,2,13,17,11
140,142,24,8,29,-2,1.02231669898058,1.48389316727921,0.375558528651985,0.930179378219439,21,7,17,2,17,4,11,1
163,135,1,15,19,-6,0.970509186848023,1.03336914591934,0.772195272183385,0.322366567743117,20,3,19,9,14,6,4,6
166,99,76,6,20,2,0.78373137618362,1.6776584683255,0.12264488551729,0.762845580734659,18,18,4,9,19,1,6,19
85,68,8,46,8,6,1.15637766756566,1.17732284573504,0.36447242548463,0.714830481817546,2,4,14,3,5,18,11,8
154,97,37,71,33,1,1.26132986073255,1.62623058920503,0.590447989357806,0.44024633808206,11,18,8,21,12,2,13,7
99,94,56,25,32,0,1.26077679803551,0.864877815504546,0.246934523467159,0.926729314101334,13,13,6,10,2,2,12,18
189,118,33,53,13,0,0.843664973068316,1.51496779324714,0.473557088054821,1.36261055826805,16,11,2,10,17,11,14,11
126,111,72,18,12,-4,1.09885621776287,1.1100431757386,0.351978085299062,1.46704782472676,8,4,2,20,15,4,17,2
87,77,49,3,31,2,0.716186633474538,1.67883362521771,0.59921866742524,1.17782975993795,14,4,12,21,8,5,13,20
65,116,79,52,26,3,1.20303556091982,0.898096697146892,0.104857198843935,0.936051348435602,10,11,9,16,4,12,20,4
167,89,46,44,16,-3,0.970875800499996,1.00181086463988,0.547702184890415,1.49972166978595,14,19,7,12,18,1,4,7
185,139,15,80,37,2,0.925666937081645,1.52991942196411,0.188378101435304,0.715105829245768,6,3,18,12,1,14,18,4
128,128,32,34,40,1,1.06029533705814,1.08081199809059,0.642179259057826,0.73832804340435,17,15,7,19,10,9,9,20
116,128,20,77,28,1,0.71451070675429,1.69024170452649,0.476152603940607,0.31319360525032,11,4,17,10,5,3,8,19
155,109,11,80,19,-5,1.15648686445137,1.23354112355105,0.515220870631602,0.309144982258388,8,16,3,13,6,19,9,19
194,109,67,16,5,6,0.461009173624065,0.871446216843588,0.183518390502372,0.550071466019973,4,11,16,7,2,12,14,9
143,67,11,70,39,-5,0.5289587343198,1.35882739041711,0.528281307344174,1.21423082045301,14,12,19,2,1,6,11,6
56,91,9,56,19,-5,0.757316471481973,0.694046890551275,0.44251941391463,1.25119236356389,11,19,10,9,16,1,1,18
167,123,19,19,27,-6,0.46109104414824,0.751894299270751,0.365057818497533,0.710217467528149,2,2,21,14,13,7,14,5
140,84,44,49,2,6,1.0924313311068,0.695612714126538,0.107999997402269,0.36854634830543,12,19,13,19,11,17,10,9
120,73,71,2,26,1,0.762747330092004,0.883816094253775,0.701772549717616,0.535185291130101,2,9,9,13,17,8,6,8
85,116,27,58,29,1,0.843527687755178,1.24922698380608,0.723906946254918,1.00060074159026,2,4,15,6,6,17,20,8
122,109,30,42,20,-6,0.789764654601226,0.574751074164677,0.628091535131552,1.40950431408437,13,15,5,14,16,19,1,4
163,68,63,59,31,1,1.01244562500295,0.745891085600252,0.659870841235385,0.74415595859403,16,7,5,12,14,12,4,6
102,122,41,43,15,0,0.534692993877572,1.28111920430541,0.193493340967401,0.596819230475307,6,10,18,4,1,13,11,20
186,88,8,70,23,4,0.955463028248498,0.783584543003386,0.292228812153816,0.460668260859727,17,10,15,6,20,13,17,8
148,143,27,25,21,0,0.982175487407795,0.701506310766595,0.755895260396886,1.3604756675023,6,18,3,5,8,19,4,1
129,130,6,1,32,3,1.23426896675175,0.813335760983933,0.796907195056031,0.878687033700537,15,16,15,13,1,17,2,20
137,108,28,16,27,6,0.459296864654201,0.814962362710912,0.766164117426337,0.708956293396318,4,4,12,17,9,17,5,3
139,96,57,73,31,5,1.2533621163151,1.39579172406447,0.44976142786298,0.6877933442192,12,17,5,15,8,10,5,7
146,133,52,72,32,-2,0.443583103781981,0.649494600103915,0.541121791925832,1.15591412197723,6,12,3,16,14,3,8,1
69,75,12,68,1,1,0.55340783960736,1.04773182904178,0.112637910619401,0.768160554399623,12,16,9,12,11,14,11,12
92,127,2,21,30,5,0.878335596633549,1.20822471994546,0.360512932062167,0.69735649724636,12,9,3,13,19,2,2,8
178,85,16,17,26,3,0.527216180635418,1.51088923785538,0.106399775004986,0.909299310609229,12,21,13,8,17,2,16,13
78,82,41,28,34,3,0.630044309793031,1.53971653606459,0.482702400880949,0.339821497042994,18,12,3,21,4,14,10,15
97,83,17,35,7,6,1.20187350529481,1.36053012395064,0.395732630230881,1.23854423513956,17,17,15,4,7,11,8,18
167,93,67,48,40,2,1.047840849743,1.51635563759618,0.645320447864972,1.14956006260049,14,2,4,15,4,19,13,4
130,141,54,31,33,0,0.758812440292078,0.666189991092673,0.638521947234746,1.23353899251418,20,6,3,19,8,10,9,1
104,137,2,78,26,-2,0.436456132107327,0.661044973330221,0.203790881060569,0.605309165562601,15,16,20,16,2,16,15,20
186,106,39,26,29,5,1.27720922343711,0.816122846305585,0.205267937055977,0.668147485014298,3,10,11,20,16,8,2,19
59,69,10,47,10,-2,1.01607427455294,0.808574961872333,0.475494973066824,1.28162109645247,3,11,2,11,20,9,4,8
166,114,14,13,28,-2,0.800050531991797,0.661333116391527,0.493019533142169,0.464591041518504,17,5,14,7,14,19,18,16
87,111,13,52,25,-4,1.13089085337511,1.53622999010766,0.318503102042889,1.13707989958414,10,6,6,11,7,5,12,1
179,60,29,49,1,-6,1.21943843024283,1.19821586013756,0.243196150474398,1.42782834534759,6,3,9,19,7,1,5,18
100,107,36,28,40,6,0.583209267877111,1.62931816356646,0.533474139302625,0.775141071434269,17,20,7,16,17,20,12,15
188,84,68,3,37,-3,0.925470559844957,1.09700980299287,0.424837440231022,0.751478870636702,13,7,4,8,4,18,20,14
105,102,74,59,20,5,1.26166722989055,1.35543087803072,0.530728713611831,0.367162261140892,15,21,4,3,6,16,5,12
188,79,62,30,25,-4,0.647226269597573,0.573916844417985,0.104313802653302,0.453663269687018,4,20,3,14,8,14,1,14
105,141,2,35,13,-1,0.719362033251674,0.554324209785347,0.438906546752835,0.422375162493083,14,15,18,20,12,3,9,11
81,78,75,10,31,-4,1.24566881214824,1.6162346732111,0.340749734273883,1.20764365740928,12,14,11,17,6,9,1,12
140,120,46,74,14,0,0.901969910663664,0.507530745895238,0.186000179718968,1.33921903223484,20,13,14,19,1,1,11,19
84,79,72,26,10,-3,0.967537711087976,0.966796979165703,0.435963683355991,1.4959137889565,2,6,8,16,17,13,13,1
97,120,71,2,16,-2,1.14098998261883,1.06174927166171,0.405567341273508,0.418173682383576,3,8,6,4,1,14,8,7
86,85,62,75,3,-2,1.20539393474633,0.841619901634488,0.574600582114278,0.507086905588989,15,10,13,8,5,4,17,15
72,99,15,53,24,2,0.758799523881222,1.52368111013265,0.563292227245951,0.881426957696024,11,11,19,13,11,19,15,9
106,149,37,35,11,-3,0.811696540168469,1.04738044148811,0.193004308799914,1.42472274329232,9,12,11,6,5,4,12,15
144,68,50,60,6,-6,0.830635008116081,0.742559538443131,0.257890817988186,0.911515174200286,11,19,18,12,20,12,6,3
166,130,38,5,27,-2,0.760125730542909,1.50089619103614,0.193782373187663,0.559550191084395,6,11,14,5,11,14,3,20
122,148,40,18,37,-3,1.15961599945331,0.502700565140694,0.475672446884218,0.361758406952955,8,15,16,15,2,19,2,12
57,70,56,61,37,-1,0.706728955508055,1.52356305330978,0.136621349759046,1.07994562444079,3,21,4,18,19,14,6,15
183,123,3,19,14,-4,0.800785688899992,1.06290813562158,0.279006383474068,0.783595530851471,20,3,7,5,7,12,8,11
106,117,8,68,38,4,0.85575050562982,1.37628255587355,0.412022848597324,0.56499132676817,13,10,15,15,10,1,12,12
114,90,1,15,17,-5,0.712551712993736,1.17565379141178,0.241539004448824,0.357606669457132,4,13,17,15,12,16,20,2
81,117,66,24,24,-2,1.28462921316452,0.535987235817933,0.720651254608478,0.85974528977889,11,17,12,10,19,8,6,19
157,117,50,80,9,-2,1.0100832628789,1.54741341851497,0.500979200422511,0.984523969925408,11,8,16,7,15,9,20,14
130,81,35,33,40,5,0.570458522930447,1.02608148121543,0.525491265653861,1.17540305184889,10,8,11,4,13,5,12,5
167,121,75,76,40,1,0.620880064168265,1.35828490981455,0.467472575235089,1.46453363646531,9,5,2,11,1,17,10,14
71,85,3,80,10,-6,0.487380984851057,0.579570204525062,0.550091364050443,0.903254271790268,10,4,3,8,12,19,20,16
90,144,15,24,31,4,0.97951285941296,1.63066211395057,0.303815533099673,0.748394539689121,17,5,15,14,11,15,20,2
128,124,35,73,2,2,1.27578868734804,1.44016160260213,0.327539948857296,1.20605164714645,10,6,19,3,16,20,9,11
109,103,18,67,24,-5,1.00749580064956,1.64076468129453,0.659557511941509,0.812768505937562,2,7,11,2,4,4,7,13
69,97,56,54,29,-3,0.892109853526637,0.947999689545324,0.647346435133218,1.04271800667245,7,16,10,20,11,15,10,15
66,129,25,53,22,0,0.932442951640275,1.18516451328455,0.540992327999307,1.30135024696197,11,12,17,8,16,4,12,12
67,87,37,20,20,3,1.03231777781416,0.523263231692823,0.414324130124756,0.421270361386583,14,18,9,10,2,6,20,3
192,145,12,9,10,4,0.504465394144893,1.08225639415206,0.108271504874423,0.905930076130416,7,10,11,9,6,6,20,7
99,104,65,77,16,-4,0.4872652695956,0.738804413022465,0.185628992747397,1.2782080385227,8,9,5,6,9,1,20,11
55,121,76,64,9,5,0.962372433293586,0.937457044539069,0.629781718627937,0.756163983454915,4,6,13,20,14,8,9,8
110,89,2,21,23,-2,1.19719737211798,0.937026494439525,0.409043785191384,0.46244573545878,17,19,3,16,3,1,17,14
198,95,36,41,40,-6,0.523322336075417,1.14492655443662,0.598002687158482,1.17221776369731,11,2,15,4,19,7,11,20
87,107,45,5,6,2,0.989317190904717,1.42087711415249,0.770755857825715,0.418373759988281,14,8,20,16,3,11,12,20
50,73,26,34,5,4,1.13110470537294,1.56725876590498,0.278868350218177,1.21259087805104,13,4,15,18,8,11,10,16
151,107,70,23,24,-1,0.895006954749475,0.527702688357701,0.177601790715529,1.14418974262479,15,14,4,2,7,9,10,12
90,99,12,22,19,4,0.772319807739194,1.20477929470205,0.372950033524322,1.35349799345869,12,20,5,19,6,3,3,2
135,127,76,74,37,-4,0.65027098285888,0.519570076423626,0.274563076289223,1.31532450366438,4,10,7,15,13,18,8,19
164,147,48,21,28,-2,1.00633411608073,0.555777466375453,0.263393951832244,0.693388652993403,9,21,20,19,16,18,9,14
75,100,53,61,1,5,0.946660993226949,0.957191371661618,0.464897816833558,0.421423462128144,6,10,18,13,6,2,5,17
192,148,14,51,8,1,0.965564299833389,1.31402939164928,0.366957643192515,1.13159608653687,2,21,13,17,9,20,8,20
115,105,53,27,32,3,0.533836606185505,1.12190557258676,0.296695383723007,0.401853800406615,6,11,13,5,19,8,8,4
57,79,78,15,36,3,0.449496040593279,1.62101723987811,0.473150192990647,0.912420739533366,6,3,13,21,2,20,19,19
110,106,68,35,12,-6,0.514031128905392,1.64780365341549,0.546353701125154,0.824858573527322,5,16,20,2,19,11,14,17
180,64,43,79,32,2,0.761254293359019,1.47897000638075,0.241101686161738,0.638947148316807,18,5,15,3,2,17,2,6
57,127,43,54,36,3,0.870985735784147,0.996118330189295,0.423786140203691,1.13763030749337,14,16,8,13,16,16,1,11
57,60,38,60,8,-3,0.578789002014648,0.595166969960697,0.173822968357073,0.983927955571927,16,13,2,2,11,14,19,14
96,111,61,12,17,-3,0.819310919175847,0.503205893724502,0.347690087459922,0.903606589847727,12,4,21,13,1,2,19,5
116,82,75,30,28,-4,1.08256620806043,1.15044865662464,0.56768106326398,0.361431108932518,9,3,11,19,19,3,2,15
113,100,72,2,27,4,0.77025886183993,1.2337917697367,0.429205182461889,1.39539053917522,11,15,13,19,2,9,9,3
118,133,29,20,6,-5,1.15046476253941,1.53445984433954,0.231094951845459,0.633597756747964,8,10,16,13,7,16,10,2
78,136,69,68,29,-4,0.810356875757062,0.927349453062646,0.120760679720083,1.12964201887577,14,7,2,20,19,6,13,11
56,148,60,73,37,3,1.22144223845991,1.51663765229499,0.46703930348091,0.359320078846201,20,9,18,16,1,7,4,14
144,109,19,27,26,-4,0.487612537965314,1.04242322248712,0.368786555419759,0.689089069973866,14,8,14,15,14,19,17,14
170,84,68,8,6,-6,1.2273252238263,1.40740112976669,0.486769244719657,0.324699840062761,14,8,21,17,6,10,12,2
134,61,19,49,13,-4,0.958558864106182,1.49697118995194,0.760264612506924,0.431457122128132,16,12,3,17,4,5,13,7
156,105,61,17,20,-1,0.695170969443112,1.08265722595475,0.491133925308912,0.557701392763291,13,6,8,18,15,18,4,17
84,82,33,38,32,3,0.606083308051987,1.17742867519385,0.171626755929015,1.41113950076603,19,21,21,15,8,13,9,13
61,99,28,65,39,-1,0.834635149660002,0.793463113863979,0.256315924254733,1.12456119916101,14,3,17,13,8,9,7,5
110,61,12,2,20,-2,0.485053426350708,1.60944563767097,0.633434678704857,0.739136233904815,7,9,16,12,11,20,15,19
97,115,21,80,21,0,1.22893015191259,1.0609144033992,0.138565959057563,1.49193726812004,4,7,16,12,10,19,19,4
88,84,65,35,24,-6,0.760613204752411,1.2740696230147,0.553676965500951,0.377178738872848,20,10,4,2,12,20,10,7
69,142,22,37,31,-6,0.799506858779764,1.61608811085558,0.21795081422163,0.915026581270292,2,9,19,8,10,7,11,1
133,138,14,54,32,-2,0.460360224671446,0.917474433122141,0.460951511502089,1.26608701960763,9,18,19,9,3,11,4,20
97,98,79,25,9,3,0.88217074761235,0.927483356915575,0.297373383301707,1.17625877114208,13,12,3,19,17,2,20,10
95,79,55,32,7,1,0.89863831215426,1.40985315036169,0.554747727294087,1.01694526153306,11,8,17,21,1,13,12,20
149,109,5,64,24,1,0.634618060084803,0.659528124768796,0.370993794203544,0.435154217610183,12,19,4,7,5,6,20,11
111,122,39,57,21,3,1.21858298959814,1.16885448986889,0.387742707558819,0.955914941080858,11,11,17,20,5,7,8,14
124,125,6,60,34,0,0.4108659826968,0.946274692376682,0.1465788097934,1.36582686546331,16,21,17,9,18,2,1,6
65,93,31,46,23,1,1.05277628803869,1.03886305636687,0.365697245648327,0.606243650369369,15,16,2,9,10,3,9,18
64,120,50,50,11,6,1.17087155781378,1.05993001079385,0.469646100974121,0.77468870223882,21,19,10,19,8,4,16,3
86,77,72,16,21,-5,0.870745668886491,0.715804179696688,0.41736238951303,0.605516561637885,21,13,5,20,19,7,4,14
156,83,63,73,11,4,0.933381394497194,0.923007486619645,0.513226254034565,0.80607273807948,11,10,13,20,10,18,17,9
172,116,47,8,6,2,0.846280233983228,1.49889137860556,0.776995003049579,1.10446151012759,3,14,15,5,11,13,6,7
159,120,55,24,2,-5,0.454831777861741,0.51572548475161,0.165698640586832,1.40768066210918,19,10,12,4,10,16,6,4
56,109,80,72,28,3,0.975594950257074,1.2806587299253,0.140741660129949,0.514613349693462,6,7,7,19,14,3,2,16
66,95,13,63,23,-2,0.688507335786823,1.67895939966402,0.707253118075489,1.37778753469244,21,17,6,10,5,16,12,9
200,143,26,15,22,2,1.29381159359357,0.822519398975116,0.586981124882702,1.12280219222064,20,18,6,21,12,11,5,15
175,84,10,74,8,-1,0.613687869055434,1.30253558534724,0.692356048047227,1.16540312471512,9,18,10,18,11,18,18,18
179,67,8,68,19,-5,0.983010488278335,0.619809966540173,0.519847495710499,0.769513889834634,2,7,7,9,11,14,19,13
85,74,47,16,9,2,0.564026003838547,1.42905478458538,0.651724151259943,1.28905684077586,15,18,3,7,11,9,15,11
199,63,38,38,20,4,0.682392423884911,0.508638282063545,0.352318448559461,1.0477492627932,17,10,5,10,13,16,12,13
108,129,72,24,29,1,0.89023185484849,1.2351697035879,0.728364063154804,1.29788803327915,21,10,5,10,14,5,12,5
148,119,13,55,2,1,0.687871666425754,0.831259850778912,0.189252026242936,0.40179862931589,13,16,3,19,18,16,11,2
180,65,7,19,26,-4,0.492750913170428,0.989795822441102,0.502808232297342,0.331068699226331,15,21,14,7,9,9,10,19
112,70,27,55,32,0,1.0846764093256,1.68073997366218,0.60471220409874,0.312851626304305,6,16,6,7,13,16,9,3
135,131,17,59,39,6,1.17261173769198,1.53678499644075,0.603066125109158,1.26717575877032,12,11,20,15,5,4,15,4
127,98,17,8,1,1,0.634246179560252,1.62199061558677,0.597773549980481,0.416440491995659,14,19,4,11,11,7,4,17
89,93,4,46,37,1,1.04167949592875,0.863056159144549,0.652385042952717,0.701860994671231,8,6,10,4,18,15,5,14
174,130,79,18,37,-4,0.811802004956446,0.978737674033718,0.443888221493488,0.793211239612629,13,16,10,11,2,8,1,19
117,132,18,8,10,-3,0.864182819553934,1.17399777695173,0.357146314084103,1.49002832378247,5,8,13,19,14,2,18,13
108,96,32,16,39,6,0.694103491025488,0.645130949444159,0.650011882909023,1.47805112675258,3,5,10,11,5,1,6,11
169,94,5,80,21,-5,0.757559964117637,0.809404227880824,0.16136172303446,0.562567047672134,13,16,20,21,3,5,4,18
104,81,36,1,10,-4,0.86501052416204,1.52567812173791,0.393549216782548,0.744048034211816,9,20,2,7,3,16,17,8
59,90,60,26,9,-3,0.882392782666403,0.714036960301839,0.799568174340514,0.530280438551335,6,17,15,21,12,16,3,14
86,106,12,56,19,3,1.27573234985661,1.63532767179708,0.506427772819099,0.514696174165695,3,20,20,12,15,13,14,14
134,145,41,21,39,-3,1.29233713084278,1.55473511443555,0.633407145267336,1.04164869472854,11,9,14,19,12,15,20,4
64,91,65,26,6,-1,1.12365155275547,1.3417865344926,0.361325807687317,1.43196246936323,16,2,13,17,2,15,1,20
135,147,21,24,7,-3,0.61167320918795,1.00799128724661,0.486054799670174,0.49106558770567,6,19,12,18,5,7,11,10
70,93,15,47,1,0,1.2501740907583,1.24671170808655,0.73467412633565,1.3159337777106,5,8,9,10,13,17,13,5
163,105,25,35,27,-2,0.432947673931071,1.63586134525264,0.735889320860715,1.18882071189059,3,16,19,15,19,5,15,10
142,81,9,43,6,-4,0.782082575263999,1.03327451283105,0.416763769950491,0.761270166508461,10,11,14,18,15,11,12,18
162,128,28,74,9,-5,0.755244091897598,1.69014534666692,0.134086341979905,0.61266059602688,6,4,16,18,9,9,19,17
74,132,44,4,11,6,0.93414446347985,1.50574343578235,0.624088446351821,1.24099309145101,10,17,21,2,4,11,19,7
77,67,8,35,9,0,1.24730063043717,1.08580130347196,0.467528668122723,0.68885789470895,16,8,6,4,4,20,13,19
190,144,52,9,24,-3,0.895167432590262,1.59945368182254,0.259233335865827,0.754609926329013,6,4,16,19,14,10,19,13
90,132,42,19,6,-1,0.634212528314293,0.739315828426668,0.659689303042005,1.44207094419424,14,21,5,3,1,3,14,11
181,112,1,14,13,-3,0.988460608110163,1.08430266243539,0.326820245788366,0.827688387147703,8,8,10,2,8,9,1,3
143,66,58,38,20,0,0.888501208037191,1.22146142259969,0.667033989618276,0.894250791695732,4,21,8,5,14,19,4,13
60,118,56,28,1,-1,1.08488117072921,1.1689571271019,0.798936552296652,0.370348382304231,18,5,15,3,20,19,9,3
177,76,47,62,22,1,1.01282002796754,1.5475393649841,0.710240962602029,0.670954149484452,3,7,21,16,9,2,1,17
160,75,65,64,16,-3,0.862539499642839,1.39065432829242,0.329850230264405,0.453622859408281,14,21,15,5,5,16,3,12
136,100,4,51,23,4,0.785627500740388,0.890171906915286,0.557074598822925,0.323654391626866,17,19,4,18,18,14,14,16
51,78,26,21,27,-6,1.16040027848138,0.552239036064494,0.277151708834666,0.461789921512401,2,15,11,12,5,19,12,15
171,134,34,1,3,2,1.06770758687182,0.925287850837517,0.750261876125931,0.660260983915545,7,15,2,16,13,18,10,3
194,130,69,68,33,5,0.872733725189881,1.41178347726637,0.407994602895886,0.579257791602253,21,9,9,12,8,4,15,14
167,102,52,54,3,6,0.51352364242664,1.6601337225343,0.461522314746565,1.07591527085411,15,15,8,2,19,15,7,11
100,143,32,2,5,4,0.49783984595052,1.42541225817919,0.173220597285093,0.754111477601529,8,12,20,7,16,4,7,1
161,129,31,27,40,2,0.78643469844831,0.842874971052408,0.589853810221503,1.19439984838989,13,7,8,4,11,11,14,6
199,109,54,62,24,0,0.812009422159202,0.935097297652121,0.524640460436489,0.508998132223683,7,9,14,14,17,10,1,11
79,79,7,42,14,-3,1.15665169453333,1.38255048636753,0.467016845677964,1.27024187921674,3,5,16,14,14,20,9,6
78,110,50,2,40,-5,1.21210363908294,0.770089481821413,0.556989218160125,0.320262629755007,5,15,6,15,19,12,8,10
118,70,49,26,17,1,0.976361701937022,1.58751924481381,0.79253697379226,1.013707051547,9,5,9,3,18,20,15,10
54,146,55,37,11,5,1.1005012048119,0.520017477664233,0.656836972549769,0.660119118950486,20,19,4,20,9,14,9,14
98,129,79,45,35,-2,0.575612277656253,1.43684325233023,0.551037025910004,0.49234153245812,6,9,4,14,18,9,8,8
99,98,44,41,24,-3,1.01530005529408,1.25363288975691,0.718762972629507,0.321863611569327,3,16,15,17,3,3,13,9
136,106,27,54,1,-4,1.04028044021195,1.07124025638673,0.250572775032718,1.28921857608198,9,18,16,13,1,10,1,9
111,84,52,45,35,-6,1.08161186344379,0.501172655344907,0.397205880608642,1.16153406532299,18,19,10,9,15,20,8,16
150,60,57,58,1,5,1.11365339581423,0.588217767117199,0.778956833830596,1.22377458274392,21,21,2,18,2,18,9,20
114,134,31,78,33,-4,1.00525241112424,1.05027591235847,0.560700966386251,1.47229802138577,6,19,8,21,18,6,16,15
192,132,73,74,1,3,0.507704268239087,1.21064037016815,0.518448207192553,0.670501006391644,16,10,13,3,16,7,7,16
123,125,7,31,22,3,1.04137332247134,1.00070492334533,0.31760433783591,0.629577558415897,21,6,12,15,14,4,20,16
162,63,4,24,16,-4,0.737070434371471,1.34286796173853,0.105728682608864,1.36091848034513,21,11,6,10,9,8,8,3
74,118,21,23,12,2,0.607584230045948,1.33352380682449,0.789407997343537,0.796562865911229,3,11,21,14,20,20,1,18
95,111,26,63,21,3,1.09782917037634,1.2409940323853,0.252890489062235,0.87311283941505,3,11,6,13,10,12,9,14
160,60,59,32,19,-2,0.798477605118843,0.990838724696925,0.61273976611402,1.17481539812169,11,5,11,4,16,1,13,20
162,150,72,69,37,-3,1.04687502639681,0.93311604742242,0.660959062802756,0.481115023304623,15,9,14,16,10,19,2,18
195,144,60,69,2,-4,1.27475745933116,0.515548650062279,0.520342402916874,0.800992784991646,4,9,21,9,9,6,5,18
59,128,43,19,15,-3,1.1674444428347,1.65822769483125,0.204270228825887,0.581435493729465,2,10,18,8,3,10,18,20
175,124,77,24,9,3,0.674776051645186,0.668448704885617,0.215617095509337,0.505605902439873,5,6,11,2,9,7,8,7
142,106,20,13,8,4,1.2495256068498,0.763844498458934,0.345177569748258,1.42055396398058,18,14,5,13,13,8,5,7
106,63,46,79,9,4,1.24704541676605,0.87653153560432,0.592152966665283,0.990582562844466,5,3,2,8,13,6,12,18
175,128,48,67,5,-4,0.813215221402964,1.56800247243322,0.102769637043482,0.670643801576793,8,19,13,6,19,1,13,11
92,81,55,48,14,-2,1.10448179724657,0.635919333201727,0.206884566000997,0.448064814062631,9,7,6,19,17,11,18,17
64,104,49,33,25,-6,0.791884301834301,0.692110185128572,0.766981498704138,1.13758440093277,15,11,10,16,7,19,13,17
138,83,25,14,9,-6,0.888697449959181,0.562980925434843,0.794747669203996,1.45153940915476,10,4,3,9,12,6,10,13
163,61,26,6,18,0,0.992931210378039,1.46788793780176,0.35281732877229,0.362159798688057,13,15,19,11,14,19,3,18
87,119,13,78,13,-6,0.884873946558669,1.48423349053074,0.330279427275648,1.15302744479225,5,13,11,4,2,13,3,3
109,96,48,23,36,5,0.435177176924508,0.917552793661331,0.532736749435143,1.34168392250785,9,4,12,14,12,3,2,18
135,98,47,66,35,2,0.622051198612143,1.69652578117635,0.456306048219331,1.1903775091689,9,3,4,14,10,1,19,5
196,78,66,69,4,4,0.977430126139546,0.833832607048973,0.497688158630792,1.4608908660791,12,12,18,12,5,15,14,9
189,132,18,43,17,-4,0.55788870021427,1.08104683895422,0.734697789144501,1.42963694860182,18,12,11,20,19,1,11,20
170,124,14,53,37,-1,1.17026466241676,1.43987663010313,0.562644707830413,0.506690306581578,3,17,14,11,1,5,13,14
80,66,54,77,4,-1,0.788886937866203,0.692865331654926,0.650348356136859,1.15310941161334,6,16,13,16,9,4,5,4
132,139,25,29,38,-4,1.25611560951523,1.54542931873574,0.289763292553424,1.00610369474114,17,5,12,16,19,10,18,20
84,97,58,66,36,-5,0.951903327974451,1.41791347503403,0.227582821423854,0.743972947844105,19,8,14,21,4,15,12,12
153,63,12,55,12,1,0.96533255795852,1.09285008663597,0.685979431741996,0.905621478449999,19,7,5,11,7,12,11,9
180,95,40,20,1,1,1.17430799638836,1.22042568893875,0.13443734188542,1.29875957683109,20,17,17,10,9,5,3,14
126,142,29,1,40,3,1.22568209059133,0.575956692447464,0.191645008273264,0.564269301618787,18,6,4,4,1,6,19,11
122,107,13,10,24,4,0.896734011650986,0.758882118602962,0.308639913018641,1.44828560367666,19,12,14,3,5,2,2,16
65,115,28,43,12,0,1.13770208973522,0.7012649521158,0.496518419518951,1.06829665930868,4,6,8,9,20,19,4,15
175,124,4,36,23,-2,0.811290559975054,0.557862651191466,0.411000271652184,0.991330426868857,21,15,15,14,3,8,13,13
152,95,26,19,22,-2,1.27297080675641,1.14943460437067,0.748244853740466,0.832820816702016,10,17,14,12,11,18,2,2
61,86,19,64,11,5,0.405274401703437,1.63895420854,0.799459540979433,1.01953241390963,5,21,9,3,12,15,4,12
81,149,31,45,21,2,0.484005686532773,0.849671013190805,0.521006736988948,0.669515288669246,5,17,5,20,12,20,2,6
160,141,23,80,35,-2,1.20456298888133,1.07415791828069,0.667729269271925,1.344417392284,13,9,7,2,19,17,18,6
75,70,39,40,39,5,1.17915129887939,0.802116777973703,0.670598434921921,0.701369425423226,5,14,11,14,8,7,17,10
95,141,76,32,35,3,0.764618521472072,0.884216412437781,0.143171889102085,0.674112791160802,7,3,6,20,19,3,16,2
182,117,27,64,3,5,0.691470688933798,1.23595717766589,0.244276230222343,1.21075646260274,16,3,3,12,9,16,10,2
168,146,33,79,10,1,0.60976649745541,1.38369465818525,0.344499537305945,0.610970135419528,21,15,12,17,16,19,14,20
124,99,31,23,40,-2,0.614697239173403,1.68965153198926,0.247627563564277,0.456624583408598,14,20,20,12,20,1,6,18
60,99,28,36,18,0,1.26090151338942,0.523796733382272,0.24956261088185,0.993593517740796,6,10,11,6,9,19,14,17
121,140,47,71,12,5,0.95776851350894,1.58827966502153,0.330444244923586,0.459944593225329,4,5,11,9,12,19,18,19
142,140,40,64,24,-6,0.451454452296055,1.38102033949227,0.292274232961335,0.937344227827242,2,3,9,10,3,7,13,8
124,105,43,1,37,1,1.03409041354596,0.702619130167255,0.612783490767219,0.95036529036479,9,3,21,17,20,10,9,15
174,88,16,3,17,5,0.63886502633313,1.63096574461641,0.595179130787414,0.61945629385177,5,20,3,6,19,12,10,20
57,90,74,44,19,-5,0.522827310281212,0.785787013747427,0.300793983786645,1.0034418119039,2,10,17,7,1,5,1,1
95,104,61,43,1,-2,0.983085660705093,1.623188866926,0.104510707059804,0.581724681161876,15,10,9,20,13,9,2,10
51,73,71,19,40,-4,0.819701276567556,0.908502460445189,0.315295580782264,0.63725987524654,11,12,14,15,20,13,3,6
174,63,38,30,36,0,0.61810114412587,0.796189866469094,0.338047128129823,0.979205042238509,18,18,12,17,18,10,14,13
188,140,47,53,19,4,1.25270444969527,1.24228045661667,0.410752307830382,0.840427910861873,3,11,12,4,16,10,16,9
192,67,38,10,1,-6,0.827738038673153,1.6099604410863,0.239316165877354,1.31345742942195,8,9,8,12,9,17,4,18
97,77,60,40,24,6,0.805311682652841,1.26424911179166,0.358594127748259,0.344305284988719,10,8,19,6,15,8,2,8
168,120,23,8,18,-2,1.10149274133767,1.67501851097588,0.62312220674382,0.534698636110852,8,19,5,9,2,16,12,15
147,88,11,1,29,1,0.83887174822395,1.46257210964711,0.323311412437871,0.325597670551989,13,7,6,20,12,5,12,10
148,138,71,18,27,-3,0.508972968052821,1.07904954807035,0.784792149021371,0.975160699423156,11,16,16,13,13,16,19,6
70,126,19,52,5,-5,1.12524834831123,1.20392623664678,0.771827340449631,0.364603991545091,17,11,5,5,8,16,2,14
186,65,67,46,17,-6,0.569717713722339,1.47166166001023,0.693310001696207,0.703440526139242,15,14,17,11,10,10,5,7
173,127,35,45,1,-4,0.795679195715796,0.961786930021093,0.512183354903993,0.850177302504864,16,20,2,8,8,18,19,18
85,123,33,3,8,-3,0.856694734977069,1.29073733352728,0.176539957591037,1.35024162705037,11,15,10,8,1,8,20,15
72,142,72,51,31,-5,0.850703571145005,1.23203331338162,0.235353870141367,1.12750314083117,11,15,5,17,15,20,14,12
170,143,25,52,6,3,0.962657194102807,1.15640079772562,0.445970238013313,0.578124068558793,12,21,12,15,8,5,9,14
186,88,61,44,18,4,1.23348449666063,0.743051703617584,0.162349903401327,0.886423385468969,9,21,5,6,14,4,17,18
151,102,67,68,15,0,0.407715988383409,1.13669688770727,0.75087387687939,1.08825919817394,20,15,10,21,4,14,8,2
102,72,41,64,13,5,1.28478065821589,1.19590507581734,0.707483786148821,0.547934901127901,14,16,20,6,3,5,6,1
181,68,26,71,18,-5,0.57805920723706,0.779898006265731,0.582538395298389,1.4744021691941,18,6,7,10,2,20,3,19
136,109,65,57,40,-5,0.71988411449446,1.69836708251077,0.324093906830824,1.40561909922049,14,5,4,11,11,13,20,2
82,72,70,14,29,1,1.28710853943253,0.877860395845548,0.305854594272709,0.439295678031535,5,7,20,3,3,5,7,8
87,90,23,74,40,4,0.834901166717287,0.74318663767597,0.520675022131497,1.42657150465513,4,14,20,21,8,6,13,3
55,91,8,62,6,5,0.551167428126046,0.814370732546909,0.284064175207661,0.796018099227125,8,14,5,18,17,2,7,14
105,105,36,27,1,4,1.26275024375055,1.47953997183324,0.315530711029108,0.584361654527884,8,19,2,7,3,2,13,19
149,121,58,72,30,-3,1.27903294685386,1.5526740886397,0.302798749621139,0.331664755289382,16,7,9,20,5,1,11,6
160,61,32,68,8,2,0.674035410505242,1.26745705987628,0.728633043236169,1.03210925593095,17,6,17,15,5,4,9,12
62,127,64,17,15,-5,0.999713376704836,1.59337824118262,0.742487638712716,1.40037353082322,11,7,12,5,5,12,3,8
75,125,52,62,12,2,0.539523338655459,1.17778061565687,0.46194801221665,1.07513610511559,16,13,11,17,12,2,18,10
179,82,3,43,17,-3,0.786055512154506,1.18574183091778,0.446340260587853,1.05211279209596,18,20,15,5,17,2,9,18
185,146,7,32,33,6,0.890342985720199,1.38401606629772,0.716355536606498,0.564302012441029,21,20,5,9,12,11,1,18
184,70,46,9,9,-1,0.598950649823164,0.637091302112425,0.531413068585456,0.962774146946819,14,5,16,10,5,17,12,19
90,72,75,15,6,1,1.25076052250189,0.919796014096736,0.201428365372547,0.863889723781616,2,5,13,6,5,8,3,8
142,73,12,4,34,3,0.818125637533349,1.083860025984,0.177815403654598,1.00217803540373,4,6,18,12,12,11,4,18
173,144,50,37,28,-3,0.820977944140884,0.636392861065344,0.203241859484327,0.932508978578382,17,17,17,9,11,11,11,2
163,74,30,75,10,-5,0.468435637917464,1.38215414321514,0.774879507501221,1.19429157411799,8,12,2,3,3,18,16,2
82,70,66,43,26,5,0.660114799844673,1.1532696389992,0.443497148648052,1.04214090674115,19,21,10,2,1,17,15,18
122,93,46,3,3,-3,1.14613178447234,0.655243222294708,0.541135084120585,0.989656073686524,18,3,7,7,10,2,19,18
190,135,79,51,29,4,0.940230383621186,0.57071193784598,0.376379977363608,0.690528976164677,5,8,2,16,14,5,5,13
141,146,53,53,40,1,0.672380725472587,0.62578854513129,0.653892530386579,0.995660532746997,19,21,18,18,2,9,8,13
103,135,16,48,29,-4,0.52528973902927,0.582596491966616,0.582607153836378,0.356992390336402,6,11,15,17,20,3,3,8
196,67,7,41,39,-1,0.734676803219905,0.932285141701128,0.597152921789574,0.479344104304566,18,11,11,18,6,9,5,2
95,115,11,6,32,-6,0.742708748511507,1.03211589577108,0.181248884824971,0.956201275487908,20,11,6,20,14,19,8,7
84,78,79,12,10,-5,1.26246043661057,0.896971978788677,0.755072252015615,1.33826377179726,5,21,7,6,3,6,5,20
120,113,78,71,1,2,1.19375138870814,0.67926000667814,0.325752139841674,0.501842010033762,9,8,12,3,19,2,12,17
155,144,70,40,22,-6,0.582544655207458,1.54917317035055,0.783696636317346,0.823581461825063,14,15,7,6,15,1,11,10
63,96,62,49,40,-5,0.479097740217688,1.18935940582637,0.460257728739471,0.546702706877663,11,9,7,21,15,12,7,20
54,145,46,41,25,-4,0.812285359944404,1.69382855267196,0.458553974199102,1.14086672442975,4,17,17,20,9,20,5,5
128,127,5,26,11,1,0.509954243300057,0.820111348981165,0.182560937837844,0.603082780551018,15,3,7,14,6,15,9,5
183,66,65,52,25,1,1.12601288656704,0.775494367879578,0.549628395344019,0.401179998963552,7,4,2,21,6,19,2,3
65,73,38,3,38,-1,0.529364956482715,1.10668092673609,0.333188153144966,0.41151524949817,15,16,11,13,17,9,9,12
164,138,36,5,23,-2,0.608074447961365,1.03510195884351,0.788893205292418,1.48533400083687,18,8,6,9,5,2,13,6
177,89,74,72,14,-3,1.03625365247337,1.20248462793118,0.783868802748433,1.47905804564556,14,11,19,8,8,5,4,12
63,129,21,31,18,6,1.10085985719659,1.50612986798194,0.763085279526652,1.36076660754847,3,3,14,15,19,18,20,13
98,140,13,11,30,4,1.01936215080043,0.97708002322367,0.118273575433983,1.21292431942986,13,10,4,15,20,13,9,11
75,105,3,64,10,3,0.506531042126261,1.46043873784729,0.35453813449329,0.442214204130053,21,5,17,9,8,1,18,18
177,102,19,65,8,-4,1.00001102912728,0.843362063268943,0.143896950961096,1.38970269910187,8,8,13,11,1,15,15,12
123,122,65,20,7,-6,0.865385366790841,0.669011368088199,0.207942925954941,0.825620326580227,18,9,4,15,3,12,20,20
155,86,5,38,30,-4,0.445038753259388,1.38323202108091,0.751505389212583,1.29195655482838,3,17,13,8,13,8,18,16
126,119,71,11,28,-1,1.21804581743287,0.572984968414995,0.334789744524377,0.408023625215687,13,10,7,4,6,18,6,15
94,142,30,1,2,-5,1.20268678607462,1.33973612233942,0.332525621820524,0.655420579472193,20,15,20,9,17,20,7,19
144,133,16,33,28,4,0.505059929928685,1.22010127967915,0.436300517825955,0.709231578937469,12,21,9,17,4,20,16,18
145,125,25,18,1,3,0.782196134986443,0.540314078215696,0.588127595559488,0.609474725167575,8,4,2,20,14,17,14,5
166,123,9,63,33,-5,0.945089966504732,1.61832951256734,0.344628860693153,1.21856719759398,12,11,20,3,15,10,3,14
146,114,18,1,24,-6,0.742275291321205,1.66994615211994,0.273417916119542,0.919017927775342,12,18,5,19,14,6,6,2
154,118,27,68,36,-6,0.626698253867085,1.1127971632593,0.697913106576103,0.63729631656149,20,3,10,18,13,10,1,2
74,94,52,66,7,0,1.09701225440325,0.672173200567996,0.717542280759445,0.863163900127783,6,14,9,16,18,10,5,19
195,116,49,57,22,-5,1.27047181116178,0.695661237460837,0.708066844157877,1.13777397089576,15,19,12,7,1,19,5,13
149,66,26,62,16,3,0.883448484145265,0.637325981713885,0.221945360422052,0.75447955738902,13,18,2,15,1,1,20,15
85,79,7,62,16,2,1.09910251118112,1.04315550501903,0.255287224919154,1.11815928077483,6,9,6,3,1,1,1,20
